{
  "project_info": {
    "project_number": "986456797018",
    "firebase_url": "https://study-68acc.firebaseio.com",
    "project_id": "study-68acc",
    "storage_bucket": "study-68acc.appspot.com"
  },
  "client": [
    {
      "client_info": {
        "mobilesdk_app_id": "1:986456797018:android:0b99568cd302d8c4dc0d63",
        "android_client_info": {
          "package_name": "com.me.newlife"
        }
      },
      "oauth_client": [
        {
          "client_id": "986456797018-3tdt2iimq6i23vd0nf06nf3qs0odouj6.apps.googleusercontent.com",
          "client_type": 3
        }
      ],
      "api_key": [
        {
          "current_key": "AIzaSyAdv3YM5-GXpIrnYQEX-1C3UFMYtk7_STQ"
        }
      ],
      "services": {
        "appinvite_service": {
          "other_platform_oauth_client": [
            {
              "client_id": "986456797018-3tdt2iimq6i23vd0nf06nf3qs0odouj6.apps.googleusercontent.com",
              "client_type": 3
            }
          ]
        }
      }
    },
    {
      "client_info": {
        "mobilesdk_app_id": "1:986456797018:android:3b9f72544956712fdc0d63",
        "android_client_info": {
          "package_name": "com.mobile2app"
        }
      },
      "oauth_client": [
        {
          "client_id": "986456797018-70u3hpn554fat9nomt0bgi58qm6clv80.apps.googleusercontent.com",
          "client_type": 1,
          "android_info": {
            "package_name": "com.mobile2app",
            "certificate_hash": "021986bb70af6bafd738b57bfe8603cbf98e6656"
          }
        },
        {
          "client_id": "986456797018-3tdt2iimq6i23vd0nf06nf3qs0odouj6.apps.googleusercontent.com",
          "client_type": 3
        }
      ],
      "api_key": [
        {
          "current_key": "AIzaSyAdv3YM5-GXpIrnYQEX-1C3UFMYtk7_STQ"
        }
      ],
      "services": {
        "appinvite_service": {
          "other_platform_oauth_client": [
            {
              "client_id": "986456797018-3tdt2iimq6i23vd0nf06nf3qs0odouj6.apps.googleusercontent.com",
              "client_type": 3
            }
          ]
        }
      }
    }
  ],
  "configuration_version": "1"
}